<?xml version="1.0" encoding="utf-8" standalone="yes"?>
<settings>
    <category label="30001">
        <setting label="30002" type="lsep"/>
        <setting label="30003" type="enum" id="mode" lvalues="30004|30005|30006"/>
        <setting label="30007" type="bool" id="turn_off" default="off" />
        <setting label="30008" type="slider" id="constant_value" default="50" range="0,100" visible="eq(-2,0)"/>
        <setting label="30009" type="bool" id="always_on" default="on" visible="eq(-3,1)"/>
        <setting label="30010" type="slider" id="temp1" default="35" range="0,100" visible="eq(-4,1)"/>
        <setting label="30011" type="slider" id="speed1" default="25" range="0,100" visible="eq(-5,1)"/>
        <setting label="30012" type="slider" id="temp2" default="40" range="0,100" visible="eq(-6,1)"/>
        <setting label="30013" type="slider" id="speed2" default="50" range="0,100" visible="eq(-7,1)"/>
        <setting label="30014" type="slider" id="temp3" default="45" range="0,100" visible="eq(-8,1)"/>
        <setting label="30015" type="slider" id="speed3" default="75" range="0,100" visible="eq(-9,1)"/>
        <setting label="30016" type="slider" id="temp4" default="50" range="0,100" visible="eq(-10,1)"/>
        <setting label="30017" type="slider" id="speed4" default="100" range="0,100" visible="eq(-11,1)"/>
        <setting label="30018" type="slider" id="o_speed1" default="0" range="0,100" visible="eq(-12,2)"/>
        <setting label="30019" type="slider" id="o_temp" default="40" range="0,100" visible="eq(-13,2)"/>
        <setting label="30020" type="slider" id="o_speed2" default="80" range="0,100" visible="eq(-14,2)"/>
    </category>
    <category label="30021">
        <setting label="30022" type="lsep"/>
        <setting label="30023" type="action" action="RunScript(script.deskpifanservice, install)"/>
        <setting label="30024" type="action" action="RunScript(script.deskpifanservice, uninstall)"/>
    </category>
    <category label="30025">
        <setting label="30026" type="lsep"/>
        <setting label="30027" type="action" action="RunScript(script.deskpifanservice, install_integrity)"/>
        <setting label="30028" type="action" action="RunScript(script.deskpifanservice, restart_services)"/>
        <setting label="30029" type="action" action="RunScript(script.deskpifanservice, uninstall_integrity)"/>
    </category>
</settings>
