<?xml version="1.0" encoding="UTF-8" standalone="yes"?>
<addon id="repository.deskpi" name="Repository Deskpi" version="0.0.1" provider-name="jojobrogess">
    <extension point="xbmc.addon.repository" name="Repository.Deskpi">
        <dir>
            <info compressed="false">https://raw.githubusercontent.com/jojobrogess/Repository.Deskpi/master/repo/zips/addons.xml</info>
            <checksum>https://raw.githubusercontent.com/jojobrogess/Repository.Deskpi/master/repo/zips/addons.xml.md5</checksum>
            <datadir zip="true">https://raw.githubusercontent.com/Yjojobrogess/Repository.Deskpi/master/repo/zips/</datadir>
        </dir>
        <dir minversion="19.0.0">
            <info compressed="false">https://raw.githubusercontent.com/jojobrogess/Repository.Deskpi/master/matrix/zips/addons.xml</info>
            <checksum>https://raw.githubusercontent.com/jojobrogess/Repository.Deskpi/master/matrix/zips/addons.xml.md5</checksum>
            <datadir zip="true">https://raw.githubusercontent.com/jojobrogess/Repository.Deskpi/master/matrix/zips/</datadir>
        </dir>
    </extension>
    <extension point="xbmc.addon.metadata">
        <summary>Repository.Deskpi</summary>
        <description>Repository for script.deskpifanservice addon.</description>
        <disclaimer></disclaimer>
        <platform>all</platform>
        <assets>
            <icon>icon.png</icon>
            <fanart>fanart.jpg</fanart>
        </assets>
    </extension>
</addon>